id,sequence
1bai,ALLDTGADDTV
1dhj,HTWESIGRPLPGR
1e1x,EKIGEGTYGVVYKA
1erb,MSATAKGRVRLLN
1jaq,YNLFLVAAHEFGHS
1k1y,IDEKLRYLIPFR
1yc4,ELISNSSDALDKI
1zsf,LLDTGADDTV
2avo,LIDTGADDTV
2bfq,AFPAVSAGIYGC
2bok,EDACQGDSGG
2p4y,GVLISEGQGFMTR
2qbs,HCSAGIGRSGT
2v7a,KLGGGQYGEVYE
2vwo,EDACQGDSGG
2x4z,KIGEGSTGIVCI
2xxx,GAVEDGATMTFF
2ygf,ELISNASDALDKI
3ag9,TLGTGSFGRVML
3b26,ELISNSSDAL
3bxh,VTGGTTIEAV
3cd5,EGCLVASTNRG
3d7z,YLVTHLMGADLNNI
3d83,YLVTHLMGAD
3f16,TNLFLTAVHEIGHS
3fwv,GNDAYKKKDF
3gnw,INSWLGNIIMYAPT
3jrx,GIAAVKCMRSIRRW
3n2v,TNLFLTAVHEIGHS
3tfp,AVWAIYAVCRKIDD
3vf7,LLDTGADDTV
3vje,AVWAIYAVCRKIDD
3w5n,ERLGWTGDINV
4acc,KVIGNGSFGVVYQ
4aoi,VVLPYMKHGDLRNF
4b6p,NGPNLGRLGRRE
4ceb,VRDQAEHLKTAVQM
4cig,VRDQAEHLKTAVQM
4cjr,VRDQAEHLKTAVQM
4clj,ILMELMAGGDLKSF
4dv8,YEQVHSKGLYVPES
4dzy,LVRQLLDDHKDVV
4eor,EKIGEGTYGVVYK
4f5y,GLAWSYYIGYL
4fp1,PVHTAVGTVGTAPL
4gih,MEYVPLGSLRDY
4jpx,DYLEAYGKGGVKA
4jpy,DYLEAYGKGGVKAK
4mc1,LLDTGADDTV
4oc5,QRGNILNLNGAG
4qrh,LSGPSGVGKGTVRK
4tmk,IEGLEGAGKTTARN
4urz,MRDQYMRTGEGF
4zbf,GRIVTLISFGAFVA
4zgk,MKEVLFYLGQYIM
5c2o,IATGYNGGVADTDN
5cqu,RKLGRGKYSEVFE
5cxa,FDGKGGILAHA
5g2g,QGLGGGKVRA
5kqx,LLNTGADDTV
5kr2,LLNTGADDTV
5nkb,MIITEYMENGALDK
5nkc,MIITEYMENGAL
5nkd,MIITEYMENGA
5otz,NTDFKQLYQTLTD
5tp0,KDSCQRDSGG
6ezq,AKQRLKCASL
6g3a,KIGEGVFGEVFQ
6g98,RNNGHSVQLTL
6i63,ALTTLCDLADREL
6o94,LVYVYMPNGSLLDR
6o95,LVYVYMPNGSLLDR
6prf,LLDTGADNTI
6qas,LVMEYCNGGDL
6udv,SLSRVMIHVFSDGV
